result_id,analysis,language,model,task,layers,cohort_programs,status,provenance,primary_output,validation,production_script,paper_comparability,caveats
attention-python-codebert,attention_overlap,python,codebert,AST+DFG,0-11,3000,complete,final-3000 recomputation,analysis_results/attention_final_3000/python/section_3_2_summary.json,analysis_results/attention_final_3000/python/python_final_validation.json,attention/run_staged_model_analysis.py,same threshold/head-selection protocol,language-specific AST/DFG extraction
attention-python-graphcodebert,attention_overlap,python,graphcodebert,AST+DFG,0-11,3000,complete,final-3000 recomputation,analysis_results/final_3000_multimodel/python/graphcodebert/attention/section_3_2_summary.json,analysis_results/final_3000_multimodel/python/graphcodebert/final_validation.json,attention/run_staged_model_analysis.py,same threshold/head-selection protocol,language-specific AST/DFG extraction
attention-python-unixcoder,attention_overlap,python,unixcoder,AST+DFG,0-11,3000,complete,final-3000 recomputation,analysis_results/final_3000_multimodel/python/unixcoder/attention/section_3_2_summary.json,analysis_results/final_3000_multimodel/python/unixcoder/final_validation.json,attention/run_staged_model_analysis.py,same threshold/head-selection protocol,language-specific AST/DFG extraction
attention-python-plbart,attention_overlap,python,plbart,AST+DFG,0-5,3000,complete,final-3000 recomputation,analysis_results/final_3000_multimodel/python/plbart/attention/section_3_2_summary.json,analysis_results/final_3000_multimodel/python/plbart/final_validation.json,attention/run_staged_model_analysis.py,same threshold/head-selection protocol,PLBART Python reference discrepancy
attention-python-codet5,attention_overlap,python,codet5,AST+DFG,0-11,3000,complete,final-3000 recomputation,analysis_results/final_3000_multimodel/python/codet5/attention/section_3_2_summary.json,analysis_results/final_3000_multimodel/python/codet5/final_validation.json,attention/run_staged_model_analysis.py,same threshold/head-selection protocol,language-specific AST/DFG extraction
attention-python-codet5p_220,attention_overlap,python,codet5p_220,AST+DFG,0-11,3000,complete,final-3000 recomputation,analysis_results/final_3000_multimodel/python/codet5p_220/attention/section_3_2_summary.json,analysis_results/final_3000_multimodel/python/codet5p_220/final_validation.json,attention/run_staged_model_analysis.py,same threshold/head-selection protocol,language-specific AST/DFG extraction
attention-java-codebert,attention_overlap,java,codebert,AST+DFG,0-11,3000,complete,final-3000 recomputation,analysis_results/attention_final_3000/java/section_3_2_summary.json,,attention/run_staged_model_analysis.py,same threshold/head-selection protocol,language-specific AST/DFG extraction
attention-java-graphcodebert,attention_overlap,java,graphcodebert,AST+DFG,0-11,3000,complete,final-3000 recomputation,analysis_results/final_3000_multimodel/java/graphcodebert/attention/section_3_2_summary.json,analysis_results/final_3000_multimodel/java/graphcodebert/final_validation.json,attention/run_staged_model_analysis.py,same threshold/head-selection protocol,language-specific AST/DFG extraction
attention-java-unixcoder,attention_overlap,java,unixcoder,AST+DFG,0-11,3000,complete,final-3000 recomputation,analysis_results/final_3000_multimodel/java/unixcoder/attention/section_3_2_summary.json,analysis_results/final_3000_multimodel/java/unixcoder/final_validation.json,attention/run_staged_model_analysis.py,same threshold/head-selection protocol,language-specific AST/DFG extraction
attention-java-plbart,attention_overlap,java,plbart,AST+DFG,0-5,3000,complete,final-3000 recomputation,analysis_results/final_3000_multimodel/java/plbart/attention/section_3_2_summary.json,analysis_results/final_3000_multimodel/java/plbart/final_validation.json,attention/run_staged_model_analysis.py,same threshold/head-selection protocol,PLBART Python reference discrepancy
attention-java-codet5,attention_overlap,java,codet5,AST+DFG,0-11,3000,complete,final-3000 recomputation,analysis_results/final_3000_multimodel/java/codet5/attention/section_3_2_summary.json,analysis_results/final_3000_multimodel/java/codet5/final_validation.json,attention/run_staged_model_analysis.py,same threshold/head-selection protocol,language-specific AST/DFG extraction
attention-java-codet5p_220,attention_overlap,java,codet5p_220,AST+DFG,0-11,3000,complete,final-3000 recomputation,analysis_results/final_3000_multimodel/java/codet5p_220/attention/section_3_2_summary.json,analysis_results/final_3000_multimodel/java/codet5p_220/final_validation.json,attention/run_staged_model_analysis.py,same threshold/head-selection protocol,language-specific AST/DFG extraction
attention-javascript-codebert,attention_overlap,javascript,codebert,AST+DFG,0-11,3000,complete,final-3000 recomputation,analysis_results/attention_final_3000/javascript/section_3_2_summary.json,,attention/run_staged_model_analysis.py,same threshold/head-selection protocol,language-specific AST/DFG extraction
attention-javascript-graphcodebert,attention_overlap,javascript,graphcodebert,AST+DFG,0-11,3000,complete,final-3000 recomputation,analysis_results/final_3000_multimodel/javascript/graphcodebert/attention/section_3_2_summary.json,analysis_results/final_3000_multimodel/javascript/graphcodebert/final_validation.json,attention/run_staged_model_analysis.py,same threshold/head-selection protocol,language-specific AST/DFG extraction
attention-javascript-unixcoder,attention_overlap,javascript,unixcoder,AST+DFG,0-11,3000,complete,final-3000 recomputation,analysis_results/final_3000_multimodel/javascript/unixcoder/attention/section_3_2_summary.json,analysis_results/final_3000_multimodel/javascript/unixcoder/final_validation.json,attention/run_staged_model_analysis.py,same threshold/head-selection protocol,language-specific AST/DFG extraction
attention-javascript-plbart,attention_overlap,javascript,plbart,AST+DFG,0-5,3000,complete,final-3000 recomputation,analysis_results/final_3000_multimodel/javascript/plbart/attention/section_3_2_summary.json,analysis_results/final_3000_multimodel/javascript/plbart/final_validation.json,attention/run_staged_model_analysis.py,same threshold/head-selection protocol,PLBART Python reference discrepancy
attention-javascript-codet5,attention_overlap,javascript,codet5,AST+DFG,0-11,3000,complete,final-3000 recomputation,analysis_results/final_3000_multimodel/javascript/codet5/attention/section_3_2_summary.json,analysis_results/final_3000_multimodel/javascript/codet5/final_validation.json,attention/run_staged_model_analysis.py,same threshold/head-selection protocol,language-specific AST/DFG extraction
attention-javascript-codet5p_220,attention_overlap,javascript,codet5p_220,AST+DFG,0-11,3000,complete,final-3000 recomputation,analysis_results/final_3000_multimodel/javascript/codet5p_220/attention/section_3_2_summary.json,analysis_results/final_3000_multimodel/javascript/codet5p_220/final_validation.json,attention/run_staged_model_analysis.py,same threshold/head-selection protocol,language-specific AST/DFG extraction
attention-go-codebert,attention_overlap,go,codebert,AST+DFG,0-11,3000,complete,final-3000 recomputation,analysis_results/attention_final_3000/go/section_3_2_summary.json,,attention/run_staged_model_analysis.py,same threshold/head-selection protocol,language-specific AST/DFG extraction
attention-go-graphcodebert,attention_overlap,go,graphcodebert,AST+DFG,0-11,3000,complete,final-3000 recomputation,analysis_results/final_3000_multimodel/go/graphcodebert/attention/section_3_2_summary.json,analysis_results/final_3000_multimodel/go/graphcodebert/final_validation.json,attention/run_staged_model_analysis.py,same threshold/head-selection protocol,language-specific AST/DFG extraction
attention-go-unixcoder,attention_overlap,go,unixcoder,AST+DFG,0-11,3000,complete,final-3000 recomputation,analysis_results/final_3000_multimodel/go/unixcoder/attention/section_3_2_summary.json,analysis_results/final_3000_multimodel/go/unixcoder/final_validation.json,attention/run_staged_model_analysis.py,same threshold/head-selection protocol,language-specific AST/DFG extraction
attention-go-plbart,attention_overlap,go,plbart,AST+DFG,0-5,3000,complete,final-3000 recomputation,analysis_results/final_3000_multimodel/go/plbart/attention/section_3_2_summary.json,analysis_results/final_3000_multimodel/go/plbart/final_validation.json,attention/run_staged_model_analysis.py,same threshold/head-selection protocol,PLBART Python reference discrepancy
attention-go-codet5,attention_overlap,go,codet5,AST+DFG,0-11,3000,complete,final-3000 recomputation,analysis_results/final_3000_multimodel/go/codet5/attention/section_3_2_summary.json,analysis_results/final_3000_multimodel/go/codet5/final_validation.json,attention/run_staged_model_analysis.py,same threshold/head-selection protocol,language-specific AST/DFG extraction
attention-go-codet5p_220,attention_overlap,go,codet5p_220,AST+DFG,0-11,3000,complete,final-3000 recomputation,analysis_results/final_3000_multimodel/go/codet5p_220/attention/section_3_2_summary.json,analysis_results/final_3000_multimodel/go/codet5p_220/final_validation.json,attention/run_staged_model_analysis.py,same threshold/head-selection protocol,language-specific AST/DFG extraction
paper-reference-attention-python-codebert,attention_overlap_reference,python,codebert,AST+DFG,0-11,3000,complete,original paper repository,attention/graph_comparision,,attention/graph_comp.py; attention/dfg_comp.py,paper source,aggregate output; legacy files omit coverage metadata
paper-reference-attention-python-graphcodebert,attention_overlap_reference,python,graphcodebert,AST+DFG,0-11,3000,complete,original paper repository,attention/graph_comparision,,attention/graph_comp.py; attention/dfg_comp.py,paper source,aggregate output; legacy files omit coverage metadata
paper-reference-attention-python-unixcoder,attention_overlap_reference,python,unixcoder,AST+DFG,0-11,3000,complete,original paper repository,attention/graph_comparision,,attention/graph_comp.py; attention/dfg_comp.py,paper source,aggregate output; legacy files omit coverage metadata
paper-reference-attention-python-plbart,attention_overlap_reference,python,plbart,AST+DFG,0-5,3000,complete,original paper repository,attention/graph_comparision,,attention/graph_comp.py; attention/dfg_comp.py,paper source,aggregate output; legacy files omit coverage metadata
paper-reference-attention-python-codet5,attention_overlap_reference,python,codet5,AST+DFG,0-11,3000,complete,original paper repository,attention/graph_comparision,,attention/graph_comp.py; attention/dfg_comp.py,paper source,aggregate output; legacy files omit coverage metadata
paper-reference-attention-python-codet5p_220,attention_overlap_reference,python,codet5p_220,AST+DFG,0-11,3000,complete,original paper repository,attention/graph_comparision,,attention/graph_comp.py; attention/dfg_comp.py,paper source,aggregate output; legacy files omit coverage metadata
ged-python-codebert,graph_edit_distance,python,codebert,AST+AST-no-identifiers+DFG,0-11,3000,complete,original paper repository,attention/graph_comparision/similarity/exp_0/codebert,,attention/run_requested_ged_queue.py,paper-compatible legacy GED mode,legacy Python output; NetworkX/runtime provenance not recorded
ged-python-graphcodebert,graph_edit_distance,python,graphcodebert,AST+AST-no-identifiers+DFG,0-11,3000,complete,original paper repository,attention/graph_comparision/similarity/exp_0/graphcodebert,,attention/run_requested_ged_queue.py,paper-compatible legacy GED mode,legacy Python output; NetworkX/runtime provenance not recorded
ged-python-codet5,graph_edit_distance,python,codet5,AST+AST-no-identifiers+DFG,0-11,3000,complete,original paper repository,attention/graph_comparision/similarity/exp_0/codet5,,attention/run_requested_ged_queue.py,paper-compatible legacy GED mode,legacy Python output; NetworkX/runtime provenance not recorded
ged-java-codebert,graph_edit_distance,java,codebert,AST+AST-no-identifiers+DFG,0-11,3000,complete,multilingual final-3000 run,analysis_results/attention_final_3000/java/similarity_legacy/codebert,analysis_results/ged_final_3000/validation/java/codebert/ged_validation.json,attention/run_requested_ged_queue.py,paper-compatible legacy GED mode,legacy GED mode; library version differs from stored Python reference
ged-java-graphcodebert,graph_edit_distance,java,graphcodebert,AST+AST-no-identifiers+DFG,0-11,3000,complete,multilingual final-3000 run,analysis_results/final_3000_multimodel/java/graphcodebert/attention/similarity_legacy/graphcodebert,analysis_results/ged_final_3000/validation/java/graphcodebert/ged_validation.json,attention/run_requested_ged_queue.py,paper-compatible legacy GED mode,legacy GED mode; library version differs from stored Python reference
ged-java-codet5,graph_edit_distance,java,codet5,AST+AST-no-identifiers+DFG,0-11,3000,complete,multilingual final-3000 run,analysis_results/final_3000_multimodel/java/codet5/attention/similarity_legacy/codet5,analysis_results/ged_final_3000/validation/java/codet5/ged_validation.json,attention/run_requested_ged_queue.py,paper-compatible legacy GED mode,legacy GED mode; library version differs from stored Python reference
ged-javascript-codebert,graph_edit_distance,javascript,codebert,AST+AST-no-identifiers+DFG,0-11,3000,complete,multilingual final-3000 run,analysis_results/attention_final_3000/javascript/similarity_legacy/codebert,analysis_results/ged_final_3000/validation/javascript/codebert/ged_validation.json,attention/run_requested_ged_queue.py,paper-compatible legacy GED mode,legacy GED mode; library version differs from stored Python reference
ged-javascript-graphcodebert,graph_edit_distance,javascript,graphcodebert,AST+AST-no-identifiers+DFG,0-11,3000,complete,multilingual final-3000 run,analysis_results/final_3000_multimodel/javascript/graphcodebert/attention/similarity_legacy/graphcodebert,analysis_results/ged_final_3000/validation/javascript/graphcodebert/ged_validation.json,attention/run_requested_ged_queue.py,paper-compatible legacy GED mode,legacy GED mode; library version differs from stored Python reference
ged-javascript-codet5,graph_edit_distance,javascript,codet5,AST+AST-no-identifiers+DFG,0-11,3000,complete,multilingual final-3000 run,analysis_results/final_3000_multimodel/javascript/codet5/attention/similarity_legacy/codet5,analysis_results/ged_final_3000/validation/javascript/codet5/ged_validation.json,attention/run_requested_ged_queue.py,paper-compatible legacy GED mode,legacy GED mode; library version differs from stored Python reference
ged-go-codebert,graph_edit_distance,go,codebert,AST+AST-no-identifiers+DFG,0-11,3000,complete,multilingual final-3000 run,analysis_results/attention_final_3000/go/similarity_legacy/codebert,analysis_results/ged_final_3000/validation/go/codebert/ged_validation.json,attention/run_requested_ged_queue.py,paper-compatible legacy GED mode,legacy GED mode; library version differs from stored Python reference
ged-go-graphcodebert,graph_edit_distance,go,graphcodebert,AST+AST-no-identifiers+DFG,0-11,3000,complete,multilingual final-3000 run,analysis_results/final_3000_multimodel/go/graphcodebert/attention/similarity_legacy/graphcodebert,analysis_results/ged_final_3000/validation/go/graphcodebert/ged_validation.json,attention/run_requested_ged_queue.py,paper-compatible legacy GED mode,legacy GED mode; library version differs from stored Python reference
ged-go-codet5,graph_edit_distance,go,codet5,AST+AST-no-identifiers+DFG,0-11,3000,complete,multilingual final-3000 run,analysis_results/final_3000_multimodel/go/codet5/attention/similarity_legacy/codet5,analysis_results/ged_final_3000/validation/go/codet5/ged_validation.json,attention/run_requested_ged_queue.py,paper-compatible legacy GED mode,legacy GED mode; library version differs from stored Python reference
probe-python-codebert-distance,DirectProbe,python,codebert,distance,"5,9,12",3000,complete,original paper repository,DirectProbe/results/distance/codebert,,DirectProbe/run_requested_probe_queue.py,"same tasks, pair construction, and layer convention",original feature matrices are not published; pair-level 80:20 split
probe-python-codebert-distance_id,DirectProbe,python,codebert,distance_id,"5,9,12",3000,complete,original paper repository,DirectProbe/results/distance_id/codebert,,DirectProbe/run_requested_probe_queue.py,"same tasks, pair construction, and layer convention",original feature matrices are not published; pair-level 80:20 split
probe-python-codebert-siblings,DirectProbe,python,codebert,siblings,"5,9,12",3000,complete,original paper repository,DirectProbe/results/siblings/codebert,,DirectProbe/run_requested_probe_queue.py,"same tasks, pair construction, and layer convention",original feature matrices are not published; pair-level 80:20 split
probe-python-codebert-siblings_id,DirectProbe,python,codebert,siblings_id,"5,9,12",3000,complete,original paper repository,DirectProbe/results/siblings_id/codebert,,DirectProbe/run_requested_probe_queue.py,"same tasks, pair construction, and layer convention",original feature matrices are not published; pair-level 80:20 split
probe-python-codebert-dfg,DirectProbe,python,codebert,dfg,"5,9,12",3000,complete,original paper repository,DirectProbe/results/dfg/codebert,,DirectProbe/run_requested_probe_queue.py,"same tasks, pair construction, and layer convention",original feature matrices are not published; pair-level 80:20 split
probe-python-graphcodebert-distance,DirectProbe,python,graphcodebert,distance,"5,9,12",3000,complete,original paper repository,DirectProbe/results/distance/graphcodebert,,DirectProbe/run_requested_probe_queue.py,"same tasks, pair construction, and layer convention",original feature matrices are not published; pair-level 80:20 split
probe-python-graphcodebert-distance_id,DirectProbe,python,graphcodebert,distance_id,"5,9,12",3000,complete,original paper repository,DirectProbe/results/distance_id/graphcodebert,,DirectProbe/run_requested_probe_queue.py,"same tasks, pair construction, and layer convention",original feature matrices are not published; pair-level 80:20 split
probe-python-graphcodebert-siblings,DirectProbe,python,graphcodebert,siblings,"5,9,12",3000,complete,original paper repository,DirectProbe/results/siblings/graphcodebert,,DirectProbe/run_requested_probe_queue.py,"same tasks, pair construction, and layer convention",original feature matrices are not published; pair-level 80:20 split
probe-python-graphcodebert-siblings_id,DirectProbe,python,graphcodebert,siblings_id,"5,9,12",3000,complete,original paper repository,DirectProbe/results/siblings_id/graphcodebert,,DirectProbe/run_requested_probe_queue.py,"same tasks, pair construction, and layer convention",original feature matrices are not published; pair-level 80:20 split
probe-python-graphcodebert-dfg,DirectProbe,python,graphcodebert,dfg,"5,9,12",3000,complete,original paper repository,DirectProbe/results/dfg/graphcodebert,,DirectProbe/run_requested_probe_queue.py,"same tasks, pair construction, and layer convention",original feature matrices are not published; pair-level 80:20 split
probe-python-codet5-distance,DirectProbe,python,codet5,distance,"5,9,12",3000,complete,original paper repository,DirectProbe/results/distance/codet5,,DirectProbe/run_requested_probe_queue.py,"same tasks, pair construction, and layer convention",original feature matrices are not published; pair-level 80:20 split
probe-python-codet5-distance_id,DirectProbe,python,codet5,distance_id,"5,9,12",3000,complete,original paper repository,DirectProbe/results/distance_id/codet5,,DirectProbe/run_requested_probe_queue.py,"same tasks, pair construction, and layer convention",original feature matrices are not published; pair-level 80:20 split
probe-python-codet5-siblings,DirectProbe,python,codet5,siblings,"5,9,12",3000,complete,original paper repository,DirectProbe/results/siblings/codet5,,DirectProbe/run_requested_probe_queue.py,"same tasks, pair construction, and layer convention",original feature matrices are not published; pair-level 80:20 split
probe-python-codet5-siblings_id,DirectProbe,python,codet5,siblings_id,"5,9,12",3000,complete,original paper repository,DirectProbe/results/siblings_id/codet5,,DirectProbe/run_requested_probe_queue.py,"same tasks, pair construction, and layer convention",original feature matrices are not published; pair-level 80:20 split
probe-python-codet5-dfg,DirectProbe,python,codet5,dfg,"5,9,12",3000,complete,original paper repository,DirectProbe/results/dfg/codet5,,DirectProbe/run_requested_probe_queue.py,"same tasks, pair construction, and layer convention",original feature matrices are not published; pair-level 80:20 split
probe-java-codebert-distance,DirectProbe,java,codebert,distance,"5,9,12",3000,complete,multilingual final-3000 run,DirectProbe/final_3000/results/java/distance/codebert,DirectProbe/final_3000/requested_probing_parallel_queue_manifest.json,DirectProbe/run_requested_probe_queue.py,"same tasks, pair construction, and layer convention",pair-level split; source programs overlap between train and test
probe-java-codebert-distance_id,DirectProbe,java,codebert,distance_id,"5,9,12",3000,complete,multilingual final-3000 run,DirectProbe/final_3000/results/java/distance_id/codebert,DirectProbe/final_3000/requested_probing_parallel_queue_manifest.json,DirectProbe/run_requested_probe_queue.py,"same tasks, pair construction, and layer convention",pair-level split; source programs overlap between train and test
probe-java-codebert-siblings,DirectProbe,java,codebert,siblings,"5,9,12",3000,complete,multilingual final-3000 run,DirectProbe/final_3000/results/java/siblings/codebert,DirectProbe/final_3000/requested_probing_parallel_queue_manifest.json,DirectProbe/run_requested_probe_queue.py,"same tasks, pair construction, and layer convention",pair-level split; source programs overlap between train and test
probe-java-codebert-siblings_id,DirectProbe,java,codebert,siblings_id,"5,9,12",3000,complete,multilingual final-3000 run,DirectProbe/final_3000/results/java/siblings_id/codebert,DirectProbe/final_3000/requested_probing_parallel_queue_manifest.json,DirectProbe/run_requested_probe_queue.py,"same tasks, pair construction, and layer convention",pair-level split; source programs overlap between train and test
probe-java-codebert-dfg,DirectProbe,java,codebert,dfg,"5,9,12",3000,complete,multilingual final-3000 run,DirectProbe/final_3000/results/java/dfg/codebert,DirectProbe/final_3000/requested_probing_parallel_queue_manifest.json,DirectProbe/run_requested_probe_queue.py,"same tasks, pair construction, and layer convention",pair-level split; source programs overlap between train and test
probe-java-graphcodebert-distance,DirectProbe,java,graphcodebert,distance,"5,9,12",3000,complete,multilingual final-3000 run,DirectProbe/final_3000/results/java/distance/graphcodebert,DirectProbe/final_3000/requested_probing_parallel_queue_manifest.json,DirectProbe/run_requested_probe_queue.py,"same tasks, pair construction, and layer convention",pair-level split; source programs overlap between train and test
probe-java-graphcodebert-distance_id,DirectProbe,java,graphcodebert,distance_id,"5,9,12",3000,complete,multilingual final-3000 run,DirectProbe/final_3000/results/java/distance_id/graphcodebert,DirectProbe/final_3000/requested_probing_parallel_queue_manifest.json,DirectProbe/run_requested_probe_queue.py,"same tasks, pair construction, and layer convention",pair-level split; source programs overlap between train and test
probe-java-graphcodebert-siblings,DirectProbe,java,graphcodebert,siblings,"5,9,12",3000,complete,multilingual final-3000 run,DirectProbe/final_3000/results/java/siblings/graphcodebert,DirectProbe/final_3000/requested_probing_parallel_queue_manifest.json,DirectProbe/run_requested_probe_queue.py,"same tasks, pair construction, and layer convention",pair-level split; source programs overlap between train and test
probe-java-graphcodebert-siblings_id,DirectProbe,java,graphcodebert,siblings_id,"5,9,12",3000,complete,multilingual final-3000 run,DirectProbe/final_3000/results/java/siblings_id/graphcodebert,DirectProbe/final_3000/requested_probing_parallel_queue_manifest.json,DirectProbe/run_requested_probe_queue.py,"same tasks, pair construction, and layer convention",pair-level split; source programs overlap between train and test
probe-java-graphcodebert-dfg,DirectProbe,java,graphcodebert,dfg,"5,9,12",3000,complete,multilingual final-3000 run,DirectProbe/final_3000/results/java/dfg/graphcodebert,DirectProbe/final_3000/requested_probing_parallel_queue_manifest.json,DirectProbe/run_requested_probe_queue.py,"same tasks, pair construction, and layer convention",pair-level split; source programs overlap between train and test
probe-java-codet5-distance,DirectProbe,java,codet5,distance,"5,9,12",3000,complete,multilingual final-3000 run,DirectProbe/final_3000/results/java/distance/codet5,DirectProbe/final_3000/requested_probing_parallel_queue_manifest.json,DirectProbe/run_requested_probe_queue.py,"same tasks, pair construction, and layer convention",pair-level split; source programs overlap between train and test
probe-java-codet5-distance_id,DirectProbe,java,codet5,distance_id,"5,9,12",3000,complete,multilingual final-3000 run,DirectProbe/final_3000/results/java/distance_id/codet5,DirectProbe/final_3000/requested_probing_parallel_queue_manifest.json,DirectProbe/run_requested_probe_queue.py,"same tasks, pair construction, and layer convention",pair-level split; source programs overlap between train and test
probe-java-codet5-siblings,DirectProbe,java,codet5,siblings,"5,9,12",3000,complete,multilingual final-3000 run,DirectProbe/final_3000/results/java/siblings/codet5,DirectProbe/final_3000/requested_probing_parallel_queue_manifest.json,DirectProbe/run_requested_probe_queue.py,"same tasks, pair construction, and layer convention",pair-level split; source programs overlap between train and test
probe-java-codet5-siblings_id,DirectProbe,java,codet5,siblings_id,"5,9,12",3000,complete,multilingual final-3000 run,DirectProbe/final_3000/results/java/siblings_id/codet5,DirectProbe/final_3000/requested_probing_parallel_queue_manifest.json,DirectProbe/run_requested_probe_queue.py,"same tasks, pair construction, and layer convention",pair-level split; source programs overlap between train and test
probe-java-codet5-dfg,DirectProbe,java,codet5,dfg,"5,9,12",3000,complete,multilingual final-3000 run,DirectProbe/final_3000/results/java/dfg/codet5,DirectProbe/final_3000/requested_probing_parallel_queue_manifest.json,DirectProbe/run_requested_probe_queue.py,"same tasks, pair construction, and layer convention",pair-level split; source programs overlap between train and test
probe-javascript-codebert-distance,DirectProbe,javascript,codebert,distance,"5,9,12",3000,complete,multilingual final-3000 run,DirectProbe/final_3000/results/javascript/distance/codebert,DirectProbe/final_3000/requested_probing_parallel_queue_manifest.json,DirectProbe/run_requested_probe_queue.py,"same tasks, pair construction, and layer convention",pair-level split; source programs overlap between train and test
probe-javascript-codebert-distance_id,DirectProbe,javascript,codebert,distance_id,"5,9,12",3000,complete,multilingual final-3000 run,DirectProbe/final_3000/results/javascript/distance_id/codebert,DirectProbe/final_3000/requested_probing_parallel_queue_manifest.json,DirectProbe/run_requested_probe_queue.py,"same tasks, pair construction, and layer convention",pair-level split; source programs overlap between train and test
probe-javascript-codebert-siblings,DirectProbe,javascript,codebert,siblings,"5,9,12",3000,complete,multilingual final-3000 run,DirectProbe/final_3000/results/javascript/siblings/codebert,DirectProbe/final_3000/requested_probing_parallel_queue_manifest.json,DirectProbe/run_requested_probe_queue.py,"same tasks, pair construction, and layer convention",pair-level split; source programs overlap between train and test
probe-javascript-codebert-siblings_id,DirectProbe,javascript,codebert,siblings_id,"5,9,12",3000,complete,multilingual final-3000 run,DirectProbe/final_3000/results/javascript/siblings_id/codebert,DirectProbe/final_3000/requested_probing_parallel_queue_manifest.json,DirectProbe/run_requested_probe_queue.py,"same tasks, pair construction, and layer convention",pair-level split; source programs overlap between train and test
probe-javascript-codebert-dfg,DirectProbe,javascript,codebert,dfg,"5,9,12",3000,complete,multilingual final-3000 run,DirectProbe/final_3000/results/javascript/dfg/codebert,DirectProbe/final_3000/requested_probing_parallel_queue_manifest.json,DirectProbe/run_requested_probe_queue.py,"same tasks, pair construction, and layer convention",pair-level split; source programs overlap between train and test
probe-javascript-graphcodebert-distance,DirectProbe,javascript,graphcodebert,distance,"5,9,12",3000,complete,multilingual final-3000 run,DirectProbe/final_3000/results/javascript/distance/graphcodebert,DirectProbe/final_3000/requested_probing_parallel_queue_manifest.json,DirectProbe/run_requested_probe_queue.py,"same tasks, pair construction, and layer convention",pair-level split; source programs overlap between train and test
probe-javascript-graphcodebert-distance_id,DirectProbe,javascript,graphcodebert,distance_id,"5,9,12",3000,complete,multilingual final-3000 run,DirectProbe/final_3000/results/javascript/distance_id/graphcodebert,DirectProbe/final_3000/requested_probing_parallel_queue_manifest.json,DirectProbe/run_requested_probe_queue.py,"same tasks, pair construction, and layer convention",pair-level split; source programs overlap between train and test
probe-javascript-graphcodebert-siblings,DirectProbe,javascript,graphcodebert,siblings,"5,9,12",3000,complete,multilingual final-3000 run,DirectProbe/final_3000/results/javascript/siblings/graphcodebert,DirectProbe/final_3000/requested_probing_parallel_queue_manifest.json,DirectProbe/run_requested_probe_queue.py,"same tasks, pair construction, and layer convention",pair-level split; source programs overlap between train and test
probe-javascript-graphcodebert-siblings_id,DirectProbe,javascript,graphcodebert,siblings_id,"5,9,12",3000,complete,multilingual final-3000 run,DirectProbe/final_3000/results/javascript/siblings_id/graphcodebert,DirectProbe/final_3000/requested_probing_parallel_queue_manifest.json,DirectProbe/run_requested_probe_queue.py,"same tasks, pair construction, and layer convention",pair-level split; source programs overlap between train and test
probe-javascript-graphcodebert-dfg,DirectProbe,javascript,graphcodebert,dfg,"5,9,12",3000,complete,multilingual final-3000 run,DirectProbe/final_3000/results/javascript/dfg/graphcodebert,DirectProbe/final_3000/requested_probing_parallel_queue_manifest.json,DirectProbe/run_requested_probe_queue.py,"same tasks, pair construction, and layer convention",pair-level split; source programs overlap between train and test
probe-javascript-codet5-distance,DirectProbe,javascript,codet5,distance,"5,9,12",3000,complete,multilingual final-3000 run,DirectProbe/final_3000/results/javascript/distance/codet5,DirectProbe/final_3000/requested_probing_parallel_queue_manifest.json,DirectProbe/run_requested_probe_queue.py,"same tasks, pair construction, and layer convention",pair-level split; source programs overlap between train and test
probe-javascript-codet5-distance_id,DirectProbe,javascript,codet5,distance_id,"5,9,12",3000,complete,multilingual final-3000 run,DirectProbe/final_3000/results/javascript/distance_id/codet5,DirectProbe/final_3000/requested_probing_parallel_queue_manifest.json,DirectProbe/run_requested_probe_queue.py,"same tasks, pair construction, and layer convention",pair-level split; source programs overlap between train and test
probe-javascript-codet5-siblings,DirectProbe,javascript,codet5,siblings,"5,9,12",3000,complete,multilingual final-3000 run,DirectProbe/final_3000/results/javascript/siblings/codet5,DirectProbe/final_3000/requested_probing_parallel_queue_manifest.json,DirectProbe/run_requested_probe_queue.py,"same tasks, pair construction, and layer convention",pair-level split; source programs overlap between train and test
probe-javascript-codet5-siblings_id,DirectProbe,javascript,codet5,siblings_id,"5,9,12",3000,complete,multilingual final-3000 run,DirectProbe/final_3000/results/javascript/siblings_id/codet5,DirectProbe/final_3000/requested_probing_parallel_queue_manifest.json,DirectProbe/run_requested_probe_queue.py,"same tasks, pair construction, and layer convention",pair-level split; source programs overlap between train and test
probe-javascript-codet5-dfg,DirectProbe,javascript,codet5,dfg,"5,9,12",3000,complete,multilingual final-3000 run,DirectProbe/final_3000/results/javascript/dfg/codet5,DirectProbe/final_3000/requested_probing_parallel_queue_manifest.json,DirectProbe/run_requested_probe_queue.py,"same tasks, pair construction, and layer convention",pair-level split; source programs overlap between train and test
probe-go-codebert-distance,DirectProbe,go,codebert,distance,"5,9,12",3000,complete,multilingual final-3000 run,DirectProbe/final_3000/results/go/distance/codebert,DirectProbe/final_3000/requested_probing_parallel_queue_manifest.json,DirectProbe/run_requested_probe_queue.py,"same tasks, pair construction, and layer convention",pair-level split; source programs overlap between train and test
probe-go-codebert-distance_id,DirectProbe,go,codebert,distance_id,"5,9,12",3000,complete,multilingual final-3000 run,DirectProbe/final_3000/results/go/distance_id/codebert,DirectProbe/final_3000/requested_probing_parallel_queue_manifest.json,DirectProbe/run_requested_probe_queue.py,"same tasks, pair construction, and layer convention",pair-level split; source programs overlap between train and test
probe-go-codebert-siblings,DirectProbe,go,codebert,siblings,"5,9,12",3000,complete,multilingual final-3000 run,DirectProbe/final_3000/results/go/siblings/codebert,DirectProbe/final_3000/requested_probing_parallel_queue_manifest.json,DirectProbe/run_requested_probe_queue.py,"same tasks, pair construction, and layer convention",pair-level split; source programs overlap between train and test
probe-go-codebert-siblings_id,DirectProbe,go,codebert,siblings_id,"5,9,12",3000,complete,multilingual final-3000 run,DirectProbe/final_3000/results/go/siblings_id/codebert,DirectProbe/final_3000/requested_probing_parallel_queue_manifest.json,DirectProbe/run_requested_probe_queue.py,"same tasks, pair construction, and layer convention",pair-level split; source programs overlap between train and test
probe-go-codebert-dfg,DirectProbe,go,codebert,dfg,"5,9,12",3000,complete,multilingual final-3000 run,DirectProbe/final_3000/results/go/dfg/codebert,DirectProbe/final_3000/requested_probing_parallel_queue_manifest.json,DirectProbe/run_requested_probe_queue.py,"same tasks, pair construction, and layer convention",pair-level split; source programs overlap between train and test
probe-go-graphcodebert-distance,DirectProbe,go,graphcodebert,distance,"5,9,12",3000,complete,multilingual final-3000 run,DirectProbe/final_3000/results/go/distance/graphcodebert,DirectProbe/final_3000/requested_probing_parallel_queue_manifest.json,DirectProbe/run_requested_probe_queue.py,"same tasks, pair construction, and layer convention",pair-level split; source programs overlap between train and test
probe-go-graphcodebert-distance_id,DirectProbe,go,graphcodebert,distance_id,"5,9,12",3000,complete,multilingual final-3000 run,DirectProbe/final_3000/results/go/distance_id/graphcodebert,DirectProbe/final_3000/requested_probing_parallel_queue_manifest.json,DirectProbe/run_requested_probe_queue.py,"same tasks, pair construction, and layer convention",pair-level split; source programs overlap between train and test
probe-go-graphcodebert-siblings,DirectProbe,go,graphcodebert,siblings,"5,9,12",3000,complete,multilingual final-3000 run,DirectProbe/final_3000/results/go/siblings/graphcodebert,DirectProbe/final_3000/requested_probing_parallel_queue_manifest.json,DirectProbe/run_requested_probe_queue.py,"same tasks, pair construction, and layer convention",pair-level split; source programs overlap between train and test
probe-go-graphcodebert-siblings_id,DirectProbe,go,graphcodebert,siblings_id,"5,9,12",3000,complete,multilingual final-3000 run,DirectProbe/final_3000/results/go/siblings_id/graphcodebert,DirectProbe/final_3000/requested_probing_parallel_queue_manifest.json,DirectProbe/run_requested_probe_queue.py,"same tasks, pair construction, and layer convention",pair-level split; source programs overlap between train and test
probe-go-graphcodebert-dfg,DirectProbe,go,graphcodebert,dfg,"5,9,12",3000,complete,multilingual final-3000 run,DirectProbe/final_3000/results/go/dfg/graphcodebert,DirectProbe/final_3000/requested_probing_parallel_queue_manifest.json,DirectProbe/run_requested_probe_queue.py,"same tasks, pair construction, and layer convention",pair-level split; source programs overlap between train and test
probe-go-codet5-distance,DirectProbe,go,codet5,distance,"5,9,12",3000,complete,multilingual final-3000 run,DirectProbe/final_3000/results/go/distance/codet5,DirectProbe/final_3000/requested_probing_parallel_queue_manifest.json,DirectProbe/run_requested_probe_queue.py,"same tasks, pair construction, and layer convention",pair-level split; source programs overlap between train and test
probe-go-codet5-distance_id,DirectProbe,go,codet5,distance_id,"5,9,12",3000,complete,multilingual final-3000 run,DirectProbe/final_3000/results/go/distance_id/codet5,DirectProbe/final_3000/requested_probing_parallel_queue_manifest.json,DirectProbe/run_requested_probe_queue.py,"same tasks, pair construction, and layer convention",pair-level split; source programs overlap between train and test
probe-go-codet5-siblings,DirectProbe,go,codet5,siblings,"5,9,12",3000,complete,multilingual final-3000 run,DirectProbe/final_3000/results/go/siblings/codet5,DirectProbe/final_3000/requested_probing_parallel_queue_manifest.json,DirectProbe/run_requested_probe_queue.py,"same tasks, pair construction, and layer convention",pair-level split; source programs overlap between train and test
probe-go-codet5-siblings_id,DirectProbe,go,codet5,siblings_id,"5,9,12",3000,complete,multilingual final-3000 run,DirectProbe/final_3000/results/go/siblings_id/codet5,DirectProbe/final_3000/requested_probing_parallel_queue_manifest.json,DirectProbe/run_requested_probe_queue.py,"same tasks, pair construction, and layer convention",pair-level split; source programs overlap between train and test
probe-go-codet5-dfg,DirectProbe,go,codet5,dfg,"5,9,12",3000,complete,multilingual final-3000 run,DirectProbe/final_3000/results/go/dfg/codet5,DirectProbe/final_3000/requested_probing_parallel_queue_manifest.json,DirectProbe/run_requested_probe_queue.py,"same tasks, pair construction, and layer convention",pair-level split; source programs overlap between train and test
tsne-python-codebert-token_types,t-SNE,python,codebert,token types,5,3000,complete,final-3000 recomputation,analysis_results/python/tsne/final_3000/token_types/token_type_tsne_manifest.json,,attention/hidden_tsne.py,paper visualization design,qualitative; main paper-style comparison; independent projections and different programs across languages
tsne-python-codebert-distances,t-SNE,python,codebert,AST/hidden distances,5,3000,complete,final-3000 recomputation,analysis_results/python/tsne/final_3000/distances/distance_tsne_manifest.json,,attention/hidden_tsne.py,paper visualization design,qualitative; main paper-style comparison; independent projections and different programs across languages
tsne-python-graphcodebert-token_types,t-SNE,python,graphcodebert,token types,5,3000,complete,final-3000 recomputation,analysis_results/final_3000_multimodel/python/graphcodebert/hidden_tsne/token_types/token_type_tsne_manifest.json,,attention/hidden_tsne.py,paper visualization design,qualitative supplemental output; not used in the main CodeBERT-only paper-style figure
tsne-python-graphcodebert-distances,t-SNE,python,graphcodebert,AST/hidden distances,5,3000,complete,final-3000 recomputation,analysis_results/final_3000_multimodel/python/graphcodebert/hidden_tsne/distances/distance_tsne_manifest.json,,attention/hidden_tsne.py,paper visualization design,qualitative supplemental output; not used in the main CodeBERT-only paper-style figure
tsne-python-unixcoder-token_types,t-SNE,python,unixcoder,token types,5,3000,complete,final-3000 recomputation,analysis_results/final_3000_multimodel/python/unixcoder/hidden_tsne/token_types/token_type_tsne_manifest.json,,attention/hidden_tsne.py,paper visualization design,qualitative supplemental output; not used in the main CodeBERT-only paper-style figure
tsne-python-unixcoder-distances,t-SNE,python,unixcoder,AST/hidden distances,5,3000,complete,final-3000 recomputation,analysis_results/final_3000_multimodel/python/unixcoder/hidden_tsne/distances/distance_tsne_manifest.json,,attention/hidden_tsne.py,paper visualization design,qualitative supplemental output; not used in the main CodeBERT-only paper-style figure
tsne-python-plbart-token_types,t-SNE,python,plbart,token types,5,3000,complete,final-3000 recomputation,analysis_results/final_3000_multimodel/python/plbart/hidden_tsne/token_types/token_type_tsne_manifest.json,,attention/hidden_tsne.py,paper visualization design,qualitative supplemental output; not used in the main CodeBERT-only paper-style figure
tsne-python-plbart-distances,t-SNE,python,plbart,AST/hidden distances,5,3000,complete,final-3000 recomputation,analysis_results/final_3000_multimodel/python/plbart/hidden_tsne/distances/distance_tsne_manifest.json,,attention/hidden_tsne.py,paper visualization design,qualitative supplemental output; not used in the main CodeBERT-only paper-style figure
tsne-python-codet5-token_types,t-SNE,python,codet5,token types,5,3000,complete,final-3000 recomputation,analysis_results/final_3000_multimodel/python/codet5/hidden_tsne/token_types/token_type_tsne_manifest.json,,attention/hidden_tsne.py,paper visualization design,qualitative supplemental output; not used in the main CodeBERT-only paper-style figure
tsne-python-codet5-distances,t-SNE,python,codet5,AST/hidden distances,5,3000,complete,final-3000 recomputation,analysis_results/final_3000_multimodel/python/codet5/hidden_tsne/distances/distance_tsne_manifest.json,,attention/hidden_tsne.py,paper visualization design,qualitative supplemental output; not used in the main CodeBERT-only paper-style figure
tsne-python-codet5p_220-token_types,t-SNE,python,codet5p_220,token types,5,3000,complete,final-3000 recomputation,analysis_results/final_3000_multimodel/python/codet5p_220/hidden_tsne/token_types/token_type_tsne_manifest.json,,attention/hidden_tsne.py,paper visualization design,qualitative supplemental output; not used in the main CodeBERT-only paper-style figure
tsne-python-codet5p_220-distances,t-SNE,python,codet5p_220,AST/hidden distances,5,3000,complete,final-3000 recomputation,analysis_results/final_3000_multimodel/python/codet5p_220/hidden_tsne/distances/distance_tsne_manifest.json,,attention/hidden_tsne.py,paper visualization design,qualitative supplemental output; not used in the main CodeBERT-only paper-style figure
tsne-java-codebert-token_types,t-SNE,java,codebert,token types,5,3000,complete,final-3000 recomputation,analysis_results/java/tsne/final_3000/token_types/token_type_tsne_manifest.json,,attention/hidden_tsne.py,paper visualization design,qualitative; main paper-style comparison; independent projections and different programs across languages
tsne-java-codebert-distances,t-SNE,java,codebert,AST/hidden distances,5,3000,complete,final-3000 recomputation,analysis_results/java/tsne/final_3000/distances/distance_tsne_manifest.json,,attention/hidden_tsne.py,paper visualization design,qualitative; main paper-style comparison; independent projections and different programs across languages
tsne-java-graphcodebert-token_types,t-SNE,java,graphcodebert,token types,5,3000,complete,final-3000 recomputation,analysis_results/final_3000_multimodel/java/graphcodebert/hidden_tsne/token_types/token_type_tsne_manifest.json,,attention/hidden_tsne.py,paper visualization design,qualitative supplemental output; not used in the main CodeBERT-only paper-style figure
tsne-java-graphcodebert-distances,t-SNE,java,graphcodebert,AST/hidden distances,5,3000,complete,final-3000 recomputation,analysis_results/final_3000_multimodel/java/graphcodebert/hidden_tsne/distances/distance_tsne_manifest.json,,attention/hidden_tsne.py,paper visualization design,qualitative supplemental output; not used in the main CodeBERT-only paper-style figure
tsne-java-unixcoder-token_types,t-SNE,java,unixcoder,token types,5,3000,complete,final-3000 recomputation,analysis_results/final_3000_multimodel/java/unixcoder/hidden_tsne/token_types/token_type_tsne_manifest.json,,attention/hidden_tsne.py,paper visualization design,qualitative supplemental output; not used in the main CodeBERT-only paper-style figure
tsne-java-unixcoder-distances,t-SNE,java,unixcoder,AST/hidden distances,5,3000,complete,final-3000 recomputation,analysis_results/final_3000_multimodel/java/unixcoder/hidden_tsne/distances/distance_tsne_manifest.json,,attention/hidden_tsne.py,paper visualization design,qualitative supplemental output; not used in the main CodeBERT-only paper-style figure
tsne-java-plbart-token_types,t-SNE,java,plbart,token types,5,3000,complete,final-3000 recomputation,analysis_results/final_3000_multimodel/java/plbart/hidden_tsne/token_types/token_type_tsne_manifest.json,,attention/hidden_tsne.py,paper visualization design,qualitative supplemental output; not used in the main CodeBERT-only paper-style figure
tsne-java-plbart-distances,t-SNE,java,plbart,AST/hidden distances,5,3000,complete,final-3000 recomputation,analysis_results/final_3000_multimodel/java/plbart/hidden_tsne/distances/distance_tsne_manifest.json,,attention/hidden_tsne.py,paper visualization design,qualitative supplemental output; not used in the main CodeBERT-only paper-style figure
tsne-java-codet5-token_types,t-SNE,java,codet5,token types,5,3000,complete,final-3000 recomputation,analysis_results/final_3000_multimodel/java/codet5/hidden_tsne/token_types/token_type_tsne_manifest.json,,attention/hidden_tsne.py,paper visualization design,qualitative supplemental output; not used in the main CodeBERT-only paper-style figure
tsne-java-codet5-distances,t-SNE,java,codet5,AST/hidden distances,5,3000,complete,final-3000 recomputation,analysis_results/final_3000_multimodel/java/codet5/hidden_tsne/distances/distance_tsne_manifest.json,,attention/hidden_tsne.py,paper visualization design,qualitative supplemental output; not used in the main CodeBERT-only paper-style figure
tsne-java-codet5p_220-token_types,t-SNE,java,codet5p_220,token types,5,3000,complete,final-3000 recomputation,analysis_results/final_3000_multimodel/java/codet5p_220/hidden_tsne/token_types/token_type_tsne_manifest.json,,attention/hidden_tsne.py,paper visualization design,qualitative supplemental output; not used in the main CodeBERT-only paper-style figure
tsne-java-codet5p_220-distances,t-SNE,java,codet5p_220,AST/hidden distances,5,3000,complete,final-3000 recomputation,analysis_results/final_3000_multimodel/java/codet5p_220/hidden_tsne/distances/distance_tsne_manifest.json,,attention/hidden_tsne.py,paper visualization design,qualitative supplemental output; not used in the main CodeBERT-only paper-style figure
tsne-javascript-codebert-token_types,t-SNE,javascript,codebert,token types,5,3000,complete,final-3000 recomputation,analysis_results/javascript/tsne/final_3000/token_types/token_type_tsne_manifest.json,,attention/hidden_tsne.py,paper visualization design,qualitative; main paper-style comparison; independent projections and different programs across languages
tsne-javascript-codebert-distances,t-SNE,javascript,codebert,AST/hidden distances,5,3000,complete,final-3000 recomputation,analysis_results/javascript/tsne/final_3000/distances/distance_tsne_manifest.json,,attention/hidden_tsne.py,paper visualization design,qualitative; main paper-style comparison; independent projections and different programs across languages
tsne-javascript-graphcodebert-token_types,t-SNE,javascript,graphcodebert,token types,5,3000,complete,final-3000 recomputation,analysis_results/final_3000_multimodel/javascript/graphcodebert/hidden_tsne/token_types/token_type_tsne_manifest.json,,attention/hidden_tsne.py,paper visualization design,qualitative supplemental output; not used in the main CodeBERT-only paper-style figure
tsne-javascript-graphcodebert-distances,t-SNE,javascript,graphcodebert,AST/hidden distances,5,3000,complete,final-3000 recomputation,analysis_results/final_3000_multimodel/javascript/graphcodebert/hidden_tsne/distances/distance_tsne_manifest.json,,attention/hidden_tsne.py,paper visualization design,qualitative supplemental output; not used in the main CodeBERT-only paper-style figure
tsne-javascript-unixcoder-token_types,t-SNE,javascript,unixcoder,token types,5,3000,complete,final-3000 recomputation,analysis_results/final_3000_multimodel/javascript/unixcoder/hidden_tsne/token_types/token_type_tsne_manifest.json,,attention/hidden_tsne.py,paper visualization design,qualitative supplemental output; not used in the main CodeBERT-only paper-style figure
tsne-javascript-unixcoder-distances,t-SNE,javascript,unixcoder,AST/hidden distances,5,3000,complete,final-3000 recomputation,analysis_results/final_3000_multimodel/javascript/unixcoder/hidden_tsne/distances/distance_tsne_manifest.json,,attention/hidden_tsne.py,paper visualization design,qualitative supplemental output; not used in the main CodeBERT-only paper-style figure
tsne-javascript-plbart-token_types,t-SNE,javascript,plbart,token types,5,3000,complete,final-3000 recomputation,analysis_results/final_3000_multimodel/javascript/plbart/hidden_tsne/token_types/token_type_tsne_manifest.json,,attention/hidden_tsne.py,paper visualization design,qualitative supplemental output; not used in the main CodeBERT-only paper-style figure
tsne-javascript-plbart-distances,t-SNE,javascript,plbart,AST/hidden distances,5,3000,complete,final-3000 recomputation,analysis_results/final_3000_multimodel/javascript/plbart/hidden_tsne/distances/distance_tsne_manifest.json,,attention/hidden_tsne.py,paper visualization design,qualitative supplemental output; not used in the main CodeBERT-only paper-style figure
tsne-javascript-codet5-token_types,t-SNE,javascript,codet5,token types,5,3000,complete,final-3000 recomputation,analysis_results/final_3000_multimodel/javascript/codet5/hidden_tsne/token_types/token_type_tsne_manifest.json,,attention/hidden_tsne.py,paper visualization design,qualitative supplemental output; not used in the main CodeBERT-only paper-style figure
tsne-javascript-codet5-distances,t-SNE,javascript,codet5,AST/hidden distances,5,3000,complete,final-3000 recomputation,analysis_results/final_3000_multimodel/javascript/codet5/hidden_tsne/distances/distance_tsne_manifest.json,,attention/hidden_tsne.py,paper visualization design,qualitative supplemental output; not used in the main CodeBERT-only paper-style figure
tsne-javascript-codet5p_220-token_types,t-SNE,javascript,codet5p_220,token types,5,3000,complete,final-3000 recomputation,analysis_results/final_3000_multimodel/javascript/codet5p_220/hidden_tsne/token_types/token_type_tsne_manifest.json,,attention/hidden_tsne.py,paper visualization design,qualitative supplemental output; not used in the main CodeBERT-only paper-style figure
tsne-javascript-codet5p_220-distances,t-SNE,javascript,codet5p_220,AST/hidden distances,5,3000,complete,final-3000 recomputation,analysis_results/final_3000_multimodel/javascript/codet5p_220/hidden_tsne/distances/distance_tsne_manifest.json,,attention/hidden_tsne.py,paper visualization design,qualitative supplemental output; not used in the main CodeBERT-only paper-style figure
tsne-go-codebert-token_types,t-SNE,go,codebert,token types,5,3000,complete,final-3000 recomputation,analysis_results/go/tsne/final_3000/token_types/token_type_tsne_manifest.json,,attention/hidden_tsne.py,paper visualization design,qualitative; main paper-style comparison; independent projections and different programs across languages
tsne-go-codebert-distances,t-SNE,go,codebert,AST/hidden distances,5,3000,complete,final-3000 recomputation,analysis_results/go/tsne/final_3000/distances/distance_tsne_manifest.json,,attention/hidden_tsne.py,paper visualization design,qualitative; main paper-style comparison; independent projections and different programs across languages
tsne-go-graphcodebert-token_types,t-SNE,go,graphcodebert,token types,5,3000,complete,final-3000 recomputation,analysis_results/final_3000_multimodel/go/graphcodebert/hidden_tsne/token_types/token_type_tsne_manifest.json,,attention/hidden_tsne.py,paper visualization design,qualitative supplemental output; not used in the main CodeBERT-only paper-style figure
tsne-go-graphcodebert-distances,t-SNE,go,graphcodebert,AST/hidden distances,5,3000,complete,final-3000 recomputation,analysis_results/final_3000_multimodel/go/graphcodebert/hidden_tsne/distances/distance_tsne_manifest.json,,attention/hidden_tsne.py,paper visualization design,qualitative supplemental output; not used in the main CodeBERT-only paper-style figure
tsne-go-unixcoder-token_types,t-SNE,go,unixcoder,token types,5,3000,complete,final-3000 recomputation,analysis_results/final_3000_multimodel/go/unixcoder/hidden_tsne/token_types/token_type_tsne_manifest.json,,attention/hidden_tsne.py,paper visualization design,qualitative supplemental output; not used in the main CodeBERT-only paper-style figure
tsne-go-unixcoder-distances,t-SNE,go,unixcoder,AST/hidden distances,5,3000,complete,final-3000 recomputation,analysis_results/final_3000_multimodel/go/unixcoder/hidden_tsne/distances/distance_tsne_manifest.json,,attention/hidden_tsne.py,paper visualization design,qualitative supplemental output; not used in the main CodeBERT-only paper-style figure
tsne-go-plbart-token_types,t-SNE,go,plbart,token types,5,3000,complete,final-3000 recomputation,analysis_results/final_3000_multimodel/go/plbart/hidden_tsne/token_types/token_type_tsne_manifest.json,,attention/hidden_tsne.py,paper visualization design,qualitative supplemental output; not used in the main CodeBERT-only paper-style figure
tsne-go-plbart-distances,t-SNE,go,plbart,AST/hidden distances,5,3000,complete,final-3000 recomputation,analysis_results/final_3000_multimodel/go/plbart/hidden_tsne/distances/distance_tsne_manifest.json,,attention/hidden_tsne.py,paper visualization design,qualitative supplemental output; not used in the main CodeBERT-only paper-style figure
tsne-go-codet5-token_types,t-SNE,go,codet5,token types,5,3000,complete,final-3000 recomputation,analysis_results/final_3000_multimodel/go/codet5/hidden_tsne/token_types/token_type_tsne_manifest.json,,attention/hidden_tsne.py,paper visualization design,qualitative supplemental output; not used in the main CodeBERT-only paper-style figure
tsne-go-codet5-distances,t-SNE,go,codet5,AST/hidden distances,5,3000,complete,final-3000 recomputation,analysis_results/final_3000_multimodel/go/codet5/hidden_tsne/distances/distance_tsne_manifest.json,,attention/hidden_tsne.py,paper visualization design,qualitative supplemental output; not used in the main CodeBERT-only paper-style figure
tsne-go-codet5p_220-token_types,t-SNE,go,codet5p_220,token types,5,3000,complete,final-3000 recomputation,analysis_results/final_3000_multimodel/go/codet5p_220/hidden_tsne/token_types/token_type_tsne_manifest.json,,attention/hidden_tsne.py,paper visualization design,qualitative supplemental output; not used in the main CodeBERT-only paper-style figure
tsne-go-codet5p_220-distances,t-SNE,go,codet5p_220,AST/hidden distances,5,3000,complete,final-3000 recomputation,analysis_results/final_3000_multimodel/go/codet5p_220/hidden_tsne/distances/distance_tsne_manifest.json,,attention/hidden_tsne.py,paper visualization design,qualitative supplemental output; not used in the main CodeBERT-only paper-style figure
validation-program-disjoint-probe-control,validation audit,all,selected,program-disjoint-probe-control,12 or applicable,see audit,complete,project validation,results/validation/probe_split_audit.json,results/validation/README.md,results/validation/probe_split_audit.py,diagnostic only,see validation_audit/README.md for interpretation boundaries
validation-PLBART-reference-diagnosis,validation audit,all,selected,PLBART-reference-diagnosis,12 or applicable,see audit,complete,project validation,results/validation/plbart_reference_audit.json,results/validation/README.md,results/validation/plbart_reference_audit.py,diagnostic only,see validation_audit/README.md for interpretation boundaries
validation-manual-DFG-density-audit,validation audit,all,selected,manual-DFG-density-audit,12 or applicable,see audit,complete,project validation,results/validation/dfg_manual_audit.json,results/validation/README.md,results/validation/dfg_manual_audit.py,diagnostic only,see validation_audit/README.md for interpretation boundaries
